URL,Version,Status,OIDs,Name,Title,Description,Uses,Used,Sources
http://hl7.org/fhir/ValueSet/body-site,4.0.1,draft,"2.16.840.1.113883.4.642.3.141",SNOMEDCTBodyStructures,SNOMED CT Body Structures,"This value set includes all codes from [SNOMED CT](http://snomed.info/sct) where concept is-a 442083009 (Anatomical or acquired body site (body structure)).","StructureDefinition/onko-tumorboard-service-request","SCT"
http://hl7.org/fhir/ValueSet/care-plan-activity-kind,4.0.1,draft,"2.16.840.1.113883.4.642.3.145",CarePlanActivityKind,Care Plan Activity Kind,"Resource types defined as part of FHIR that can be represented as in-line definitions of a care plan activity.","StructureDefinition/onko-care-plan","hl7.fhir.r4.core"
http://hl7.org/fhir/ValueSet/care-plan-activity-outcome,4.0.1,draft,"2.16.840.1.113883.4.642.3.149",CarePlanActivityOutcome,Care Plan Activity Outcome,"Example codes indicating the outcome of a care plan activity. Note that these are in no way complete and might not even be appropriate for some uses.","StructureDefinition/onko-care-plan","SCT"
http://hl7.org/fhir/ValueSet/care-plan-activity-status,4.0.1,draft,"2.16.840.1.113883.4.642.3.146",CarePlanActivityStatus,CarePlanActivityStatus,"Codes that reflect the current state of a care plan activity within its overall life cycle.","StructureDefinition/onko-care-plan","hl7.fhir.r4.core"
http://hl7.org/fhir/ValueSet/care-plan-category,4.0.1,draft,"2.16.840.1.113883.4.642.3.148",CarePlanCategory,Care Plan Category,"Example codes indicating the category a care plan falls within.  Note that these are in no way complete and might not even be appropriate for some uses.","StructureDefinition/onko-care-plan","SCT"
http://hl7.org/fhir/ValueSet/care-plan-intent,4.0.1,draft,"2.16.840.1.113883.4.642.3.150",CarePlanIntent,Care Plan Intent,"Codes indicating the degree of authority/intentionality associated with a care plan.","StructureDefinition/onko-care-plan","hl7.fhir.r4.core"
http://hl7.org/fhir/ValueSet/clinical-findings,4.0.1,draft,"2.16.840.1.113883.4.642.3.232",SNOMEDCTClinicalFindings,SNOMED CT Clinical Findings,"This value set includes all the ""Clinical finding"" [SNOMED CT](http://snomed.info/sct) codes - concepts where concept is-a 404684003 (Clinical finding (finding)).","StructureDefinition/onko-care-plan,StructureDefinition/onko-therapy-goal","SCT"
http://hl7.org/fhir/ValueSet/condition-code,4.0.1,draft,"2.16.840.1.113883.4.642.3.161",Condition/Problem/DiagnosisCodes,Condition/Problem/Diagnosis Codes,"Example value set for Condition/Problem/Diagnosis codes.","StructureDefinition/onko-tumorboard-medication-request","SCT"
http://hl7.org/fhir/ValueSet/diagnosis-role,4.0.1,draft,"2.16.840.1.113883.4.642.3.49",DiagnosisRole,DiagnosisRole,"This value set defines a set of codes that can be used to express the role of a diagnosis on the Encounter or EpisodeOfCare record.","StructureDefinition/onko-therapy-line","THO"
http://hl7.org/fhir/ValueSet/episode-of-care-status,4.0.1,draft,"2.16.840.1.113883.4.642.3.664",EpisodeOfCareStatus,EpisodeOfCareStatus,"The status of the episode of care.","StructureDefinition/onko-therapy-line","hl7.fhir.r4.core"
http://hl7.org/fhir/ValueSet/goal-achievement,4.0.1,draft,"2.16.840.1.113883.4.642.3.1374",GoalAchievementStatus,Goal achievement status,"Describes the progression, or lack thereof, towards the goal against the target.","StructureDefinition/onko-therapy-goal","THO"
http://hl7.org/fhir/ValueSet/goal-priority,4.0.1,draft,"2.16.840.1.113883.4.642.3.273",GoalPriority,Goal priority,"Indicates the level of importance associated with reaching or sustaining a goal.","StructureDefinition/onko-therapy-goal","THO"
http://hl7.org/fhir/ValueSet/goal-start-event,4.0.1,draft,"2.16.840.1.113883.4.642.3.279",GoalStartEvent,Goal start event,"Identifies types of events that might trigger the start of a goal.","ValueSet/onko-goal-start-event,StructureDefinition/onko-therapy-goal","SCT"
http://hl7.org/fhir/ValueSet/goal-status,4.0.1,draft,"2.16.840.1.113883.4.642.3.271",GoalLifecycleStatus,GoalLifecycleStatus,"Codes that reflect the current state of a goal and whether the goal is still being targeted.","StructureDefinition/onko-therapy-goal","hl7.fhir.r4.core"
http://hl7.org/fhir/ValueSet/languages,4.0.1,draft,"2.16.840.1.113883.4.642.3.20",CommonLanguages,Common Languages,"This value set includes common codes from BCP-47 (http://tools.ietf.org/html/bcp47)","StructureDefinition/onko-tumorboard-service-request,StructureDefinition/onko-tumorboard-medication-request,StructureDefinition/onko-care-plan,StructureDefinition/onko-therapy-goal,StructureDefinition/onko-therapy-line","hl7.fhir.uv.xver-r5.r4"
http://hl7.org/fhir/ValueSet/medication-as-needed-reason,4.0.1,draft,"2.16.840.1.113883.4.642.3.96",SNOMEDCTMedicationAsNeededReasonCodes,SNOMED CT Medication As Needed Reason Codes,"This value set includes all clinical findings from SNOMED CT - provided as an exemplar value set.","StructureDefinition/onko-tumorboard-service-request","SCT"
http://hl7.org/fhir/ValueSet/medication-codes,4.0.1,draft,"2.16.840.1.113883.4.642.3.375",SNOMEDCTMedicationCodes,SNOMED CT Medication Codes,"This value set includes all drug or medicament substance codes and all pharmaceutical/biologic products from SNOMED CT - provided as an exemplar value set.","StructureDefinition/onko-tumorboard-medication-request,StructureDefinition/onko-care-plan","SCT"
http://hl7.org/fhir/ValueSet/medicationrequest-category,4.0.1,draft,"2.16.840.1.113883.4.642.3.1322",medicationRequest Category Codes,Medication request  category  codes,"MedicationRequest Category Codes","StructureDefinition/onko-tumorboard-medication-request","THO"
http://hl7.org/fhir/ValueSet/medicationrequest-course-of-therapy,4.0.1,draft,"2.16.840.1.113883.4.642.3.1326",medicationRequest Course of Therapy Codes,Medication request  course of  therapy  codes,"MedicationRequest Course of Therapy Codes","StructureDefinition/onko-tumorboard-medication-request","THO"
http://hl7.org/fhir/ValueSet/medicationrequest-intent,4.0.1,draft,"2.16.840.1.113883.4.642.3.1321",medicationRequest Intent,Medication request  intent,"MedicationRequest Intent Codes","StructureDefinition/onko-tumorboard-medication-request","hl7.fhir.r4.core"
http://hl7.org/fhir/ValueSet/medicationrequest-status,4.0.1,draft,"2.16.840.1.113883.4.642.3.1320",medicationrequest Status,Medicationrequest  status,"MedicationRequest Status Codes","StructureDefinition/onko-tumorboard-medication-request","hl7.fhir.r4.core"
http://hl7.org/fhir/ValueSet/medicationrequest-status-reason,4.0.1,draft,"2.16.840.1.113883.4.642.3.1324",medicationRequest Status Reason Codes,Medication request  status  reason  codes,"MedicationRequest Status Reason Codes","StructureDefinition/onko-tumorboard-medication-request","THO"
http://hl7.org/fhir/ValueSet/observation-codes,4.0.1,draft,"2.16.840.1.113883.4.642.3.396",LOINCCodes,LOINC Codes,"This value set includes all LOINC codes","StructureDefinition/onko-therapy-goal","LOINC"
http://hl7.org/fhir/ValueSet/participant-role,4.0.1,draft,"2.16.840.1.113883.4.642.3.152",ParticipantRoles,Participant Roles,"Roles of participants that may be included in a care team.  Defined as: Is a Person, Healthcare professional (occupation) or Healthcare related organization (qualifier value).","StructureDefinition/onko-tumorboard-service-request","SCT"
http://hl7.org/fhir/ValueSet/performer-role,4.0.1,draft,"2.16.840.1.113883.4.642.3.433",ProcedurePerformerRoleCodes,Procedure Performer Role Codes,"This example value set defines the set of codes that can be used to indicate a role of a procedure performer.","StructureDefinition/onko-tumorboard-medication-request","SCT"
http://hl7.org/fhir/ValueSet/procedure-code,4.0.1,draft,"2.16.840.1.113883.4.642.3.427",ProcedureCodes(SNOMEDCT),Procedure Codes (SNOMED CT),"Procedure Code: All SNOMED CT procedure codes.","StructureDefinition/onko-tumorboard-service-request,StructureDefinition/onko-care-plan","SCT"
http://hl7.org/fhir/ValueSet/procedure-reason,4.0.1,draft,"2.16.840.1.113883.4.642.3.432",ProcedureReasonCodes,Procedure Reason Codes,"This example value set defines the set of codes that can be used to indicate a reason for a procedure.","StructureDefinition/onko-tumorboard-service-request","SCT"
http://hl7.org/fhir/ValueSet/request-intent,4.0.1,draft,"2.16.840.1.113883.4.642.3.113",RequestIntent,RequestIntent,"Codes indicating the degree of authority/intentionality associated with a request.","StructureDefinition/onko-tumorboard-service-request","hl7.fhir.r4.core"
http://hl7.org/fhir/ValueSet/request-priority,4.0.1,draft,"2.16.840.1.113883.4.642.3.115",RequestPriority,Request priority,"The clinical priority of a diagnostic order.","StructureDefinition/onko-tumorboard-service-request,StructureDefinition/onko-tumorboard-medication-request","hl7.fhir.r4.core"
http://hl7.org/fhir/ValueSet/request-status,4.0.1,draft,"2.16.840.1.113883.4.642.3.111",RequestStatus,RequestStatus,"Codes identifying the lifecycle stage of a request.","StructureDefinition/onko-tumorboard-service-request,StructureDefinition/onko-care-plan","hl7.fhir.r4.core"
http://hl7.org/fhir/ValueSet/servicerequest-category,4.0.1,draft,"2.16.840.1.113883.4.642.3.434",ServiceRequestCategoryCodes,Service Request Category Codes,"An example value set of SNOMED CT concepts that can classify a requested service","StructureDefinition/onko-tumorboard-service-request","SCT"
http://hl7.org/fhir/ValueSet/servicerequest-orderdetail,4.0.1,draft,"2.16.840.1.113883.4.642.3.435",ServiceRequestOrderDetailsCodes,Service Request Order Details Codes,"An example value set of Codified order entry details concepts.  These concepts only make sense in the context of what is being ordered.  This example is for a patient ventilation order","StructureDefinition/onko-tumorboard-service-request","SCT"
http://snomed.info/sct?fhir_vs,null,active,,SCTValueSetAll,All Codes SCT ValueSet,"Value Set for All SNOMED CT Concepts","ConceptMap/ConceptMapOnkoTherapyGoalTypeSct","SCT"
http://terminology.hl7.org/ValueSet/v3-ActSubstanceAdminSubstitutionCode,3.0.0,active,"2.16.840.1.113883.1.11.16621",ActSubstanceAdminSubstitutionCode,ActSubstanceAdminSubstitutionCode,"***No description***","StructureDefinition/onko-tumorboard-medication-request","THO (V3)"
http://terminology.hl7.org/ValueSet/v3-ServiceDeliveryLocationRoleType,3.0.0,active,"2.16.840.1.113883.1.11.17660",ServiceDeliveryLocationRoleType,ServiceDeliveryLocationRoleType,"A role of a place that further classifies the setting (e.g., accident site, road side, work site, community location) in which services are delivered.","StructureDefinition/onko-tumorboard-service-request","THO (V3)"
http://terminology.hl7.org/ValueSet/v3-SubstanceAdminSubstitutionReason,3.0.0,active,"2.16.840.1.113883.1.11.19377",SubstanceAdminSubstitutionReason,SubstanceAdminSubstitutionReason,"***No description***","StructureDefinition/onko-tumorboard-medication-request","THO (V3)"
https://bih-cei.de/fhir/therapieziele-onkologie/ValueSet/enlist-change-type,1.0.0-ballot,draft,,EnlistChangeTypeVS,EnLiST-Änderungstypen (ValueSet),"Alle EnLiST-Änderungstypen.","StructureDefinition/enlist-change","Internal"
https://bih-cei.de/fhir/therapieziele-onkologie/ValueSet/enlist-countable,1.0.0-ballot,draft,,EnlistCountableVS,EnLiST-Zählstatus (ValueSet),"Alle Zählstatus-Werte nach EnLiST.","StructureDefinition/enlist-countable","Internal"
https://bih-cei.de/fhir/therapieziele-onkologie/ValueSet/enlist-lot-setting,1.0.0-ballot,draft,,EnlistLotSettingVS,EnLiST-Setting-Achsen (ValueSet),"Alle EnLiST-Setting-Achsen.","StructureDefinition/enlist-lot","Internal"
https://bih-cei.de/fhir/therapieziele-onkologie/ValueSet/onko-care-plan-phase,1.0.0-ballot,active,,OnkoCarePlanPhaseVS,Onkologischer CarePlan – Therapieabschnitt (VS),"Kennzeichnet, ob ein `OnkoCarePlan` den diagnostischen oder den therapeutischen Abschnitt der onkologischen Versorgung abbildet. Gebunden an `category` (Slice `therapieabschnitt`); ersetzt die vormalige Unterscheidung über zwei separate Profile (`OnkoCarePlan` / `DiagnosticCarePlan`).","StructureDefinition/onko-care-plan","SCT"
https://bih-cei.de/fhir/therapieziele-onkologie/ValueSet/onko-goal-start-event,1.0.0-ballot,active,,OnkoGoalStartEventVS,Onkologisches Zielbeginn-Ereignis (VS),"Codierte Ereignisse für den Beginn eines onkologischen Therapieziels (`Goal.startCodeableConcept`). Übernimmt das HL7-Basis-ValueSet [GoalStartEvent](http://hl7.org/fhir/ValueSet/goal-start-event) und ergänzt onkologisch relevante SNOMED-CT-Qualifier für den Zielbeginn nach Bestrahlung, Chemotherapie oder Operation. Example-Bindung – die Codes dienen als Anregung, sind aber nicht verpflichtend.","StructureDefinition/onko-therapy-goal","SCT"
https://bih-cei.de/fhir/therapieziele-onkologie/ValueSet/onko-service-request-kontext,1.0.0-ballot,active,,OnkoServiceRequestKontextVS,Kontext einer Tumorboard-Empfehlung (VS),"Zusätzlicher Kontext eines Behandlungsschritts – ergänzend zur Therapieintention – z. B. ob eine Maßnahme lokal begrenzt, symptomatisch, präventiv, definitiv, additiv, intraoperativ, elektiv oder im Notfall erfolgt. Gebunden an die Extension `onko-behandlungs-kontext`.","StructureDefinition/onko-behandlungs-kontext","SCT"
https://bih-cei.de/fhir/therapieziele-onkologie/ValueSet/onko-therapy-goal-type,1.0.0-ballot,active,,OnkoTherapyGoalTypeVS,Onkologische Therapieziel-Art (VS),"ValueSet der zugelassenen Codes für die Zielart eines onkologischen Therapieziels.","StructureDefinition/onko-therapy-goal,ConceptMap/ConceptMapOnkoTherapyGoalTypeSct","Internal"
https://bih-cei.de/fhir/therapieziele-onkologie/ValueSet/onko-therapy-intent,1.0.0-ballot,active,,OnkoTherapyIntentVS,Onkologische Therapieintention (VS),"Intention (das „Warum"") einer onkologischen Therapielinie bzw. eines Behandlungsabschnitts.  Verwendet aktuelle SNOMED-CT-Codes aus der Hierarchie `362961001 | Procedure by intent`. Als Concept-Display dient der englische SNOMED-Anzeigetext des aktuellen Release (validierbar gegen tx.fhir.org); die deutschen Begriffe stehen in den Label-Texten des Leitfadens. Extensible gebunden – seltene Sonderintentionen dürfen ergänzt werden.","StructureDefinition/onko-therapy-intent","SCT"
https://bih-cei.de/fhir/therapieziele-onkologie/ValueSet/onko-therapy-line-type,1.0.0-ballot,active,,OnkoTherapyLineTypeVS,Onkologische Therapielinie – Art (VS),"Art einer onkologischen Therapielinie (Behandlungsmodalität) für `EpisodeOfCare.type`.  Die Codes wurden gegen SNOMED CT (internationale Edition) recherchiert und stellen ein Beispiel-Set gängiger onkologischer Behandlungsmodalitäten dar. Für Bestrahlung existiert `Radiation therapy care` (385798007), für die ambulante Chemotherapie der spezifische Code `Ambulatory chemotherapy` (315601005).","StructureDefinition/onko-therapy-line","SCT"
https://bih-cei.de/fhir/therapieziele-onkologie/ValueSet/onko-therapy-phase,1.0.0-ballot,active,,OnkoTherapyPhaseVS,Onkologische Therapiephase / Unter-Intention (VS),"Sequenzielle Phase (Unter-Intention) innerhalb eines Behandlungskonzepts – ergänzend zur Haupt-Therapieintention. In SNOMED CT liegen diese Konzepte nicht in der Intent-Hierarchie, sondern als Behandlungsformen unter `716872004 | Antineoplastic chemotherapy regimen`. Als Concept-Display dient der englische SNOMED-Anzeigetext des aktuellen Release; die deutschen Begriffe stehen in den Label-Texten des Leitfadens. Extensible gebunden (z. B. Konsolidierung ergänzbar).","StructureDefinition/onko-therapy-intent","SCT"
